10.0000,1218925818.0000,1218925818.0000,1218925818.0000,1218925818.0000,1218925818.0000,1218925818.0000,1218925818.0000,1218925818.0000
20.0000,867553927.0000,867553927.0000,867553927.0000,867553927.0000,867553927.0000,867553927.0000,867553927.0000,867553927.0000
30.0000,867553927.0000,867553927.0000,867553927.0000,867553927.0000,867553927.0000,867553927.0000,867553927.0000,867553927.0000
40.0000,1638081855.0000,1638081855.0000,1638081855.0000,1638081855.0000,1638081855.0000,1638081855.0000,1638081855.0000,1638081855.0000
50.0000,1638081855.0000,1638081855.0000,1638081855.0000,1638081855.0000,1638081855.0000,1638081855.0000,1638081855.0000,1638081855.0000
60.0000,261126136.0000,261126136.0000,261126136.0000,261126136.0000,261126136.0000,261126136.0000,261126136.0000,261126136.0000
70.0000,2057237892.0000,2057237892.0000,2057237892.0000,2057237892.0000,2057237892.0000,2057237892.0000,2057237892.0000,2057237892.0000
80.0000,2057237892.0000,2057237892.0000,2057237892.0000,2057237892.0000,2057237892.0000,2057237892.0000,2057237892.0000,2057237892.0000
90.0000,680282173.0000,680282173.0000,680282173.0000,680282173.0000,680282173.0000,680282173.0000,680282173.0000,680282173.0000
100.0000,1450810101.0000,1450810101.0000,1450810101.0000,1450810101.0000,1450810101.0000,1450810101.0000,1450810101.0000,1450810101.0000
110.0000,1450810101.0000,1450810101.0000,1450810101.0000,1450810101.0000,1450810101.0000,1450810101.0000,1450810101.0000,1450810101.0000
120.0000,1099438210.0000,1099438210.0000,1099438210.0000,1099438210.0000,1099438210.0000,1099438210.0000,1099438210.0000,1099438210.0000
130.0000,1869966138.0000,1869966138.0000,1869966138.0000,1869966138.0000,1869966138.0000,1869966138.0000,1869966138.0000,1869966138.0000
140.0000,1869966138.0000,1869966138.0000,1869966138.0000,1869966138.0000,1869966138.0000,1869966138.0000,1869966138.0000,1869966138.0000
150.0000,1518594247.0000,1518594247.0000,1518594247.0000,1518594247.0000,1518594247.0000,1518594247.0000,1518594247.0000,1518594247.0000
160.0000,1518594247.0000,1518594247.0000,1518594247.0000,1518594247.0000,1518594247.0000,1518594247.0000,1518594247.0000,1518594247.0000
170.0000,141638528.0000,141638528.0000,141638528.0000,141638528.0000,141638528.0000,141638528.0000,141638528.0000,141638528.0000
180.0000,912166456.0000,912166456.0000,912166456.0000,912166456.0000,912166456.0000,912166456.0000,912166456.0000,912166456.0000
190.0000,912166456.0000,912166456.0000,912166456.0000,912166456.0000,912166456.0000,912166456.0000,912166456.0000,912166456.0000
200.0000,560794565.0000,560794565.0000,560794565.0000,560794565.0000,560794565.0000,560794565.0000,560794565.0000,560794565.0000
210.0000,1331322493.0000,1331322493.0000,1331322493.0000,1331322493.0000,1331322493.0000,1331322493.0000,1331322493.0000,1331322493.0000
220.0000,1331322493.0000,1331322493.0000,1331322493.0000,1331322493.0000,1331322493.0000,1331322493.0000,1331322493.0000,1331322493.0000
230.0000,2101850421.0000,2101850421.0000,2101850421.0000,2101850421.0000,2101850421.0000,2101850421.0000,2101850421.0000,2101850421.0000
240.0000,1750478530.0000,1750478530.0000,1750478530.0000,1750478530.0000,1750478530.0000,1750478530.0000,1750478530.0000,1750478530.0000
250.0000,1750478530.0000,1750478530.0000,1750478530.0000,1750478530.0000,1750478530.0000,1750478530.0000,1750478530.0000,1750478530.0000
260.0000,373522811.0000,373522811.0000,373522811.0000,373522811.0000,373522811.0000,373522811.0000,373522811.0000,373522811.0000
270.0000,22150920.0000,22150920.0000,22150920.0000,22150920.0000,22150920.0000,22150920.0000,22150920.0000,22150920.0000
280.0000,22150920.0000,22150920.0000,22150920.0000,22150920.0000,22150920.0000,22150920.0000,22150920.0000,22150920.0000
290.0000,792678848.0000,792678848.0000,792678848.0000,792678848.0000,792678848.0000,792678848.0000,792678848.0000,792678848.0000
300.0000,792678848.0000,792678848.0000,792678848.0000,792678848.0000,792678848.0000,792678848.0000,792678848.0000,792678848.0000
310.0000,1563206776.0000,1563206776.0000,1563206776.0000,1563206776.0000,1563206776.0000,1563206776.0000,1563206776.0000,1563206776.0000
320.0000,1211834885.0000,1211834885.0000,1211834885.0000,1211834885.0000,1211834885.0000,1211834885.0000,1211834885.0000,1211834885.0000
330.0000,1211834885.0000,1211834885.0000,1211834885.0000,1211834885.0000,1211834885.0000,1211834885.0000,1211834885.0000,1211834885.0000
340.0000,1982362813.0000,1982362813.0000,1982362813.0000,1982362813.0000,1982362813.0000,1982362813.0000,1982362813.0000,1982362813.0000
350.0000,605407094.0000,605407094.0000,605407094.0000,605407094.0000,605407094.0000,605407094.0000,605407094.0000,605407094.0000
360.0000,605407094.0000,605407094.0000,605407094.0000,605407094.0000,605407094.0000,605407094.0000,605407094.0000,605407094.0000
370.0000,254035203.0000,254035203.0000,254035203.0000,254035203.0000,254035203.0000,254035203.0000,254035203.0000,254035203.0000
380.0000,1024563131.0000,1024563131.0000,1024563131.0000,1024563131.0000,1024563131.0000,1024563131.0000,1024563131.0000,1024563131.0000
390.0000,1024563131.0000,1024563131.0000,1024563131.0000,1024563131.0000,1024563131.0000,1024563131.0000,1024563131.0000,1024563131.0000
400.0000,673191240.0000,673191240.0000,673191240.0000,673191240.0000,673191240.0000,673191240.0000,673191240.0000,673191240.0000
410.0000,673191240.0000,673191240.0000,673191240.0000,673191240.0000,673191240.0000,673191240.0000,673191240.0000,673191240.0000
420.0000,1443719168.0000,1443719168.0000,1443719168.0000,1443719168.0000,1443719168.0000,1443719168.0000,1443719168.0000,1443719168.0000
430.0000,66763449.0000,66763449.0000,66763449.0000,66763449.0000,66763449.0000,66763449.0000,66763449.0000,66763449.0000
440.0001,66763449.0000,66763449.0000,66763449.0000,66763449.0000,66763449.0000,66763449.0000,66763449.0000,66763449.0000
450.0001,1862875205.0000,1862875205.0000,1862875205.0000,1862875205.0000,1862875205.0000,1862875205.0000,1862875205.0000,1862875205.0000
460.0001,485919486.0000,485919486.0000,485919486.0000,485919486.0000,485919486.0000,485919486.0000,485919486.0000,485919486.0000
470.0001,485919486.0000,485919486.0000,485919486.0000,485919486.0000,485919486.0000,485919486.0000,485919486.0000,485919486.0000
480.0001,1256447414.0000,1256447414.0000,1256447414.0000,1256447414.0000,1256447414.0000,1256447414.0000,1256447414.0000,1256447414.0000
490.0001,905075523.0000,905075523.0000,905075523.0000,905075523.0000,905075523.0000,905075523.0000,905075523.0000,905075523.0000
500.0001,905075523.0000,905075523.0000,905075523.0000,905075523.0000,905075523.0000,905075523.0000,905075523.0000,905075523.0000
510.0001,1675603451.0000,1675603451.0000,1675603451.0000,1675603451.0000,1675603451.0000,1675603451.0000,1675603451.0000,1675603451.0000
520.0001,1324231560.0000,1324231560.0000,1324231560.0000,1324231560.0000,1324231560.0000,1324231560.0000,1324231560.0000,1324231560.0000
530.0002,1324231560.0000,1324231560.0000,1324231560.0000,1324231560.0000,1324231560.0000,1324231560.0000,1324231560.0000,1324231560.0000
540.0002,2094759488.0000,2094759488.0000,2094759488.0000,2094759488.0000,2094759488.0000,2094759488.0000,2094759488.0000,2094759488.0000
550.0002,2094759488.0000,2094759488.0000,2094759488.0000,2094759488.0000,2094759488.0000,2094759488.0000,2094759488.0000,2094759488.0000
560.0002,717803769.0000,717803769.0000,717803769.0000,717803769.0000,717803769.0000,717803769.0000,717803769.0000,717803769.0000
570.0002,366431878.0000,366431878.0000,366431878.0000,366431878.0000,366431878.0000,366431878.0000,366431878.0000,366431878.0000
580.0002,366431878.0000,366431878.0000,366431878.0000,366431878.0000,366431878.0000,366431878.0000,366431878.0000,366431878.0000
590.0002,1136959806.0000,1136959806.0000,1136959806.0000,1136959806.0000,1136959806.0000,1136959806.0000,1136959806.0000,1136959806.0000
600.0002,1907487734.0000,1907487734.0000,1907487734.0000,1907487734.0000,1907487734.0000,1907487734.0000,1907487734.0000,1907487734.0000
610.0002,1907487734.0000,1907487734.0000,1907487734.0000,1907487734.0000,1907487734.0000,1907487734.0000,1907487734.0000,1907487734.0000
620.0002,1556115843.0000,1556115843.0000,1556115843.0000,1556115843.0000,1556115843.0000,1556115843.0000,1556115843.0000,1556115843.0000
630.0002,179160124.0000,179160124.0000,179160124.0000,179160124.0000,179160124.0000,179160124.0000,179160124.0000,179160124.0000
640.0002,179160124.0000,179160124.0000,179160124.0000,179160124.0000,179160124.0000,179160124.0000,179160124.0000,179160124.0000
650.0002,1975271880.0000,1975271880.0000,1975271880.0000,1975271880.0000,1975271880.0000,1975271880.0000,1975271880.0000,1975271880.0000
660.0002,598316161.0000,598316161.0000,598316161.0000,598316161.0000,598316161.0000,598316161.0000,598316161.0000,598316161.0000
670.0002,598316161.0000,598316161.0000,598316161.0000,598316161.0000,598316161.0000,598316161.0000,598316161.0000,598316161.0000
680.0002,1368844089.0000,1368844089.0000,1368844089.0000,1368844089.0000,1368844089.0000,1368844089.0000,1368844089.0000,1368844089.0000
690.0002,1368844089.0000,1368844089.0000,1368844089.0000,1368844089.0000,1368844089.0000,1368844089.0000,1368844089.0000,1368844089.0000
700.0002,1017472198.0000,1017472198.0000,1017472198.0000,1017472198.0000,1017472198.0000,1017472198.0000,1017472198.0000,1017472198.0000
710.0002,1788000126.0000,1788000126.0000,1788000126.0000,1788000126.0000,1788000126.0000,1788000126.0000,1788000126.0000,1788000126.0000
720.0002,1788000126.0000,1788000126.0000,1788000126.0000,1788000126.0000,1788000126.0000,1788000126.0000,1788000126.0000,1788000126.0000
730.0002,411044407.0000,411044407.0000,411044407.0000,411044407.0000,411044407.0000,411044407.0000,411044407.0000,411044407.0000
740.0002,59672516.0000,59672516.0000,59672516.0000,59672516.0000,59672516.0000,59672516.0000,59672516.0000,59672516.0000
750.0002,59672516.0000,59672516.0000,59672516.0000,59672516.0000,59672516.0000,59672516.0000,59672516.0000,59672516.0000
760.0002,830200444.0000,830200444.0000,830200444.0000,830200444.0000,830200444.0000,830200444.0000,830200444.0000,830200444.0000
770.0002,830200444.0000,830200444.0000,830200444.0000,830200444.0000,830200444.0000,830200444.0000,830200444.0000,830200444.0000
780.0002,478828553.0000,478828553.0000,478828553.0000,478828553.0000,478828553.0000,478828553.0000,478828553.0000,478828553.0000
790.0002,1249356481.0000,1249356481.0000,1249356481.0000,1249356481.0000,1249356481.0000,1249356481.0000,1249356481.0000,1249356481.0000
800.0002,1249356481.0000,1249356481.0000,1249356481.0000,1249356481.0000,1249356481.0000,1249356481.0000,1249356481.0000,1249356481.0000
810.0002,2019884409.0000,2019884409.0000,2019884409.0000,2019884409.0000,2019884409.0000,2019884409.0000,2019884409.0000,2019884409.0000
820.0002,1668512518.0000,1668512518.0000,1668512518.0000,1668512518.0000,1668512518.0000,1668512518.0000,1668512518.0000,1668512518.0000
830.0002,1668512518.0000,1668512518.0000,1668512518.0000,1668512518.0000,1668512518.0000,1668512518.0000,1668512518.0000,1668512518.0000
840.0002,291556799.0000,291556799.0000,291556799.0000,291556799.0000,291556799.0000,291556799.0000,291556799.0000,291556799.0000
850.0002,1062084727.0000,1062084727.0000,1062084727.0000,1062084727.0000,1062084727.0000,1062084727.0000,1062084727.0000,1062084727.0000
860.0002,1062084727.0000,1062084727.0000,1062084727.0000,1062084727.0000,1062084727.0000,1062084727.0000,1062084727.0000,1062084727.0000
870.0002,710712836.0000,710712836.0000,710712836.0000,710712836.0000,710712836.0000,710712836.0000,710712836.0000,710712836.0000
880.0003,1481240764.0000,1481240764.0000,1481240764.0000,1481240764.0000,1481240764.0000,1481240764.0000,1481240764.0000,1481240764.0000
890.0003,1481240764.0000,1481240764.0000,1481240764.0000,1481240764.0000,1481240764.0000,1481240764.0000,1481240764.0000,1481240764.0000
900.0004,1129868873.0000,1129868873.0000,1129868873.0000,1129868873.0000,1129868873.0000,1129868873.0000,1129868873.0000,1129868873.0000
910.0004,1900396801.0000,1900396801.0000,1900396801.0000,1900396801.0000,1900396801.0000,1900396801.0000,1900396801.0000,1900396801.0000
920.0004,1900396801.0000,1900396801.0000,1900396801.0000,1900396801.0000,1900396801.0000,1900396801.0000,1900396801.0000,1900396801.0000
930.0005,523441082.0000,523441082.0000,523441082.0000,523441082.0000,523441082.0000,523441082.0000,523441082.0000,523441082.0000
940.0005,523441082.0000,523441082.0000,523441082.0000,523441082.0000,523441082.0000,523441082.0000,523441082.0000,523441082.0000
950.0005,172069191.0000,172069191.0000,172069191.0000,172069191.0000,172069191.0000,172069191.0000,172069191.0000,172069191.0000
960.0006,942597119.0000,942597119.0000,942597119.0000,942597119.0000,942597119.0000,942597119.0000,942597119.0000,942597119.0000
970.0006,942597119.0000,942597119.0000,942597119.0000,942597119.0000,942597119.0000,942597119.0000,942597119.0000,942597119.0000
980.0007,1713125047.0000,1713125047.0000,1713125047.0000,1713125047.0000,1713125047.0000,1713125047.0000,1713125047.0000,1713125047.0000
990.0007,1361753156.0000,1361753156.0000,1361753156.0000,1361753156.0000,1361753156.0000,1361753156.0000,1361753156.0000,1361753156.0000
1000.0010,1361753156.0000,1361753156.0000,1361753156.0000,1361753156.0000,1361753156.0000,1361753156.0000,1361753156.0000,1361753156.0000
1010.0010,2132281084.0000,2132281084.0000,2132281084.0000,2132281084.0000,2132281084.0000,2132281084.0000,2132281084.0000,2132281084.0000
1020.0010,1780909193.0000,1780909193.0000,1780909193.0000,1780909193.0000,1780909193.0000,1780909193.0000,1780909193.0000,1780909193.0000
1030.0010,1780909193.0000,1780909193.0000,1780909193.0000,1780909193.0000,1780909193.0000,1780909193.0000,1780909193.0000,1780909193.0000
1040.0010,403953474.0000,403953474.0000,403953474.0000,403953474.0000,403953474.0000,403953474.0000,403953474.0000,403953474.0000
1050.0010,403953474.0000,403953474.0000,403953474.0000,403953474.0000,403953474.0000,403953474.0000,403953474.0000,403953474.0000
1060.0010,1174481402.0000,1174481402.0000,1174481402.0000,1174481402.0000,1174481402.0000,1174481402.0000,1174481402.0000,1174481402.0000
1070.0010,823109511.0000,823109511.0000,823109511.0000,823109511.0000,823109511.0000,823109511.0000,823109511.0000,823109511.0000
1080.0010,823109511.0000,823109511.0000,823109511.0000,823109511.0000,823109511.0000,823109511.0000,823109511.0000,823109511.0000
1090.0010,1593637439.0000,1593637439.0000,1593637439.0000,1593637439.0000,1593637439.0000,1593637439.0000,1593637439.0000,1593637439.0000
1100.0010,216681720.0000,216681720.0000,216681720.0000,216681720.0000,216681720.0000,216681720.0000,216681720.0000,216681720.0000
1110.0010,216681720.0000,216681720.0000,216681720.0000,216681720.0000,216681720.0000,216681720.0000,216681720.0000,216681720.0000
1120.0010,2012793476.0000,2012793476.0000,2012793476.0000,2012793476.0000,2012793476.0000,2012793476.0000,2012793476.0000,2012793476.0000
1130.0010,635837757.0000,635837757.0000,635837757.0000,635837757.0000,635837757.0000,635837757.0000,635837757.0000,635837757.0000
1140.0010,635837757.0000,635837757.0000,635837757.0000,635837757.0000,635837757.0000,635837757.0000,635837757.0000,635837757.0000
1150.0010,284465866.0000,284465866.0000,284465866.0000,284465866.0000,284465866.0000,284465866.0000,284465866.0000,284465866.0000
1160.0010,284465866.0000,284465866.0000,284465866.0000,284465866.0000,284465866.0000,284465866.0000,284465866.0000,284465866.0000
1170.0010,1054993794.0000,1054993794.0000,1054993794.0000,1054993794.0000,1054993794.0000,1054993794.0000,1054993794.0000,1054993794.0000
1180.0010,1825521722.0000,1825521722.0000,1825521722.0000,1825521722.0000,1825521722.0000,1825521722.0000,1825521722.0000,1825521722.0000
1190.0010,1825521722.0000,1825521722.0000,1825521722.0000,1825521722.0000,1825521722.0000,1825521722.0000,1825521722.0000,1825521722.0000
1200.0010,1474149831.0000,1474149831.0000,1474149831.0000,1474149831.0000,1474149831.0000,1474149831.0000,1474149831.0000,1474149831.0000
1210.0010,97194112.0000,97194112.0000,97194112.0000,97194112.0000,97194112.0000,97194112.0000,97194112.0000,97194112.0000
1220.0010,97194112.0000,97194112.0000,97194112.0000,97194112.0000,97194112.0000,97194112.0000,97194112.0000,97194112.0000
1230.0010,867722040.0000,867722040.0000,867722040.0000,867722040.0000,867722040.0000,867722040.0000,867722040.0000,867722040.0000
1240.0010,516350149.0000,516350149.0000,516350149.0000,516350149.0000,516350149.0000,516350149.0000,516350149.0000,516350149.0000
1250.0010,516350149.0000,516350149.0000,516350149.0000,516350149.0000,516350149.0000,516350149.0000,516350149.0000,516350149.0000
1260.0010,1286878077.0000,1286878077.0000,1286878077.0000,1286878077.0000,1286878077.0000,1286878077.0000,1286878077.0000,1286878077.0000
1270.0010,935506186.0000,935506186.0000,935506186.0000,935506186.0000,935506186.0000,935506186.0000,935506186.0000,935506186.0000
1280.0010,935506186.0000,935506186.0000,935506186.0000,935506186.0000,935506186.0000,935506186.0000,935506186.0000,935506186.0000
1290.0010,1706034114.0000,1706034114.0000,1706034114.0000,1706034114.0000,1706034114.0000,1706034114.0000,1706034114.0000,1706034114.0000
1300.0010,1706034114.0000,1706034114.0000,1706034114.0000,1706034114.0000,1706034114.0000,1706034114.0000,1706034114.0000,1706034114.0000
1310.0010,329078395.0000,329078395.0000,329078395.0000,329078395.0000,329078395.0000,329078395.0000,329078395.0000,329078395.0000
1320.0010,2125190151.0000,2125190151.0000,2125190151.0000,2125190151.0000,2125190151.0000,2125190151.0000,2125190151.0000,2125190151.0000
1330.0010,2125190151.0000,2125190151.0000,2125190151.0000,2125190151.0000,2125190151.0000,2125190151.0000,2125190151.0000,2125190151.0000
1340.0010,748234432.0000,748234432.0000,748234432.0000,748234432.0000,748234432.0000,748234432.0000,748234432.0000,748234432.0000
1350.0010,1518762360.0000,1518762360.0000,1518762360.0000,1518762360.0000,1518762360.0000,1518762360.0000,1518762360.0000,1518762360.0000
1360.0010,1518762360.0000,1518762360.0000,1518762360.0000,1518762360.0000,1518762360.0000,1518762360.0000,1518762360.0000,1518762360.0000
1370.0010,1167390469.0000,1167390469.0000,1167390469.0000,1167390469.0000,1167390469.0000,1167390469.0000,1167390469.0000,1167390469.0000
1380.0010,1937918397.0000,1937918397.0000,1937918397.0000,1937918397.0000,1937918397.0000,1937918397.0000,1937918397.0000,1937918397.0000
1390.0010,1937918397.0000,1937918397.0000,1937918397.0000,1937918397.0000,1937918397.0000,1937918397.0000,1937918397.0000,1937918397.0000
1400.0010,1586546506.0000,1586546506.0000,1586546506.0000,1586546506.0000,1586546506.0000,1586546506.0000,1586546506.0000,1586546506.0000
1410.0010,209590787.0000,209590787.0000,209590787.0000,209590787.0000,209590787.0000,209590787.0000,209590787.0000,209590787.0000
1420.0010,209590787.0000,209590787.0000,209590787.0000,209590787.0000,209590787.0000,209590787.0000,209590787.0000,209590787.0000
1430.0010,980118715.0000,980118715.0000,980118715.0000,980118715.0000,980118715.0000,980118715.0000,980118715.0000,980118715.0000
1440.0010,980118715.0000,980118715.0000,980118715.0000,980118715.0000,980118715.0000,980118715.0000,980118715.0000,980118715.0000
1450.0010,628746824.0000,628746824.0000,628746824.0000,628746824.0000,628746824.0000,628746824.0000,628746824.0000,628746824.0000
1460.0010,1399274752.0000,1399274752.0000,1399274752.0000,1399274752.0000,1399274752.0000,1399274752.0000,1399274752.0000,1399274752.0000
1470.0010,1399274752.0000,1399274752.0000,1399274752.0000,1399274752.0000,1399274752.0000,1399274752.0000,1399274752.0000,1399274752.0000
1480.0010,22319033.0000,22319033.0000,22319033.0000,22319033.0000,22319033.0000,22319033.0000,22319033.0000,22319033.0000
1490.0010,1818430789.0000,1818430789.0000,1818430789.0000,1818430789.0000,1818430789.0000,1818430789.0000,1818430789.0000,1818430789.0000
1500.0010,1818430789.0000,1818430789.0000,1818430789.0000,1818430789.0000,1818430789.0000,1818430789.0000,1818430789.0000,1818430789.0000
1510.0010,441475070.0000,441475070.0000,441475070.0000,441475070.0000,441475070.0000,441475070.0000,441475070.0000,441475070.0000
1520.0010,90103179.0000,90103179.0000,90103179.0000,90103179.0000,90103179.0000,90103179.0000,90103179.0000,90103179.0000
1530.0010,90103179.0000,90103179.0000,90103179.0000,90103179.0000,90103179.0000,90103179.0000,90103179.0000,90103179.0000
1540.0010,860631107.0000,860631107.0000,860631107.0000,860631107.0000,860631107.0000,860631107.0000,860631107.0000,860631107.0000
1550.0010,860631107.0000,860631107.0000,860631107.0000,860631107.0000,860631107.0000,860631107.0000,860631107.0000,860631107.0000
1560.0010,1631159035.0000,1631159035.0000,1631159035.0000,1631159035.0000,1631159035.0000,1631159035.0000,1631159035.0000,1631159035.0000
1570.0010,1279787144.0000,1279787144.0000,1279787144.0000,1279787144.0000,1279787144.0000,1279787144.0000,1279787144.0000,1279787144.0000
1580.0010,1279787144.0000,1279787144.0000,1279787144.0000,1279787144.0000,1279787144.0000,1279787144.0000,1279787144.0000,1279787144.0000
1590.0010,2050315072.0000,2050315072.0000,2050315072.0000,2050315072.0000,2050315072.0000,2050315072.0000,2050315072.0000,2050315072.0000
1600.0010,673359353.0000,673359353.0000,673359353.0000,673359353.0000,673359353.0000,673359353.0000,673359353.0000,673359353.0000
1610.0010,673359353.0000,673359353.0000,673359353.0000,673359353.0000,673359353.0000,673359353.0000,673359353.0000,673359353.0000
1620.0010,321987462.0000,321987462.0000,321987462.0000,321987462.0000,321987462.0000,321987462.0000,321987462.0000,321987462.0000
1630.0010,1092515390.0000,1092515390.0000,1092515390.0000,1092515390.0000,1092515390.0000,1092515390.0000,1092515390.0000,1092515390.0000
1640.0010,1092515390.0000,1092515390.0000,1092515390.0000,1092515390.0000,1092515390.0000,1092515390.0000,1092515390.0000,1092515390.0000
1650.0010,741143499.0000,741143499.0000,741143499.0000,741143499.0000,741143499.0000,741143499.0000,741143499.0000,741143499.0000
1660.0010,741143499.0000,741143499.0000,741143499.0000,741143499.0000,741143499.0000,741143499.0000,741143499.0000,741143499.0000
1670.0010,1511671427.0000,1511671427.0000,1511671427.0000,1511671427.0000,1511671427.0000,1511671427.0000,1511671427.0000,1511671427.0000
1680.0010,134715708.0000,134715708.0000,134715708.0000,134715708.0000,134715708.0000,134715708.0000,134715708.0000,134715708.0000
1690.0010,134715708.0000,134715708.0000,134715708.0000,134715708.0000,134715708.0000,134715708.0000,134715708.0000,134715708.0000
1700.0010,1930827464.0000,1930827464.0000,1930827464.0000,1930827464.0000,1930827464.0000,1930827464.0000,1930827464.0000,1930827464.0000
1710.0010,553871745.0000,553871745.0000,553871745.0000,553871745.0000,553871745.0000,553871745.0000,553871745.0000,553871745.0000
1720.0010,553871745.0000,553871745.0000,553871745.0000,553871745.0000,553871745.0000,553871745.0000,553871745.0000,553871745.0000
1730.0010,1324399673.0000,1324399673.0000,1324399673.0000,1324399673.0000,1324399673.0000,1324399673.0000,1324399673.0000,1324399673.0000
1740.0010,973027782.0000,973027782.0000,973027782.0000,973027782.0000,973027782.0000,973027782.0000,973027782.0000,973027782.0000
1750.0010,973027782.0000,973027782.0000,973027782.0000,973027782.0000,973027782.0000,973027782.0000,973027782.0000,973027782.0000
1760.0010,1743555710.0000,1743555710.0000,1743555710.0000,1743555710.0000,1743555710.0000,1743555710.0000,1743555710.0000,1743555710.0000
1770.0010,1392183819.0000,1392183819.0000,1392183819.0000,1392183819.0000,1392183819.0000,1392183819.0000,1392183819.0000,1392183819.0000
1780.0010,1392183819.0000,1392183819.0000,1392183819.0000,1392183819.0000,1392183819.0000,1392183819.0000,1392183819.0000,1392183819.0000
1790.0010,15228100.0000,15228100.0000,15228100.0000,15228100.0000,15228100.0000,15228100.0000,15228100.0000,15228100.0000
1800.0010,15228100.0000,15228100.0000,15228100.0000,15228100.0000,15228100.0000,15228100.0000,15228100.0000,15228100.0000
1810.0010,785756028.0000,785756028.0000,785756028.0000,785756028.0000,785756028.0000,785756028.0000,785756028.0000,785756028.0000
1820.0010,434384137.0000,434384137.0000,434384137.0000,434384137.0000,434384137.0000,434384137.0000,434384137.0000,434384137.0000
1830.0010,434384137.0000,434384137.0000,434384137.0000,434384137.0000,434384137.0000,434384137.0000,434384137.0000,434384137.0000
1840.0010,1204912065.0000,1204912065.0000,1204912065.0000,1204912065.0000,1204912065.0000,1204912065.0000,1204912065.0000,1204912065.0000
1850.0010,1975439993.0000,1975439993.0000,1975439993.0000,1975439993.0000,1975439993.0000,1975439993.0000,1975439993.0000,1975439993.0000
1860.0020,1975439993.0000,1975439993.0000,1975439993.0000,1975439993.0000,1975439993.0000,1975439993.0000,1975439993.0000,1975439993.0000
1870.0020,1624068102.0000,1624068102.0000,1624068102.0000,1624068102.0000,1624068102.0000,1624068102.0000,1624068102.0000,1624068102.0000
1880.0020,247112383.0000,247112383.0000,247112383.0000,247112383.0000,247112383.0000,247112383.0000,247112383.0000,247112383.0000
1890.0020,247112383.0000,247112383.0000,247112383.0000,247112383.0000,247112383.0000,247112383.0000,247112383.0000,247112383.0000
1900.0020,2043224139.0000,2043224139.0000,2043224139.0000,2043224139.0000,2043224139.0000,2043224139.0000,2043224139.0000,2043224139.0000
1910.0020,666268420.0000,666268420.0000,666268420.0000,666268420.0000,666268420.0000,666268420.0000,666268420.0000,666268420.0000
1920.0020,666268420.0000,666268420.0000,666268420.0000,666268420.0000,666268420.0000,666268420.0000,666268420.0000,666268420.0000
1930.0020,1436796348.0000,1436796348.0000,1436796348.0000,1436796348.0000,1436796348.0000,1436796348.0000,1436796348.0000,1436796348.0000
1940.0020,1436796348.0000,1436796348.0000,1436796348.0000,1436796348.0000,1436796348.0000,1436796348.0000,1436796348.0000,1436796348.0000
1950.0020,1085424457.0000,1085424457.0000,1085424457.0000,1085424457.0000,1085424457.0000,1085424457.0000,1085424457.0000,1085424457.0000
1960.0020,1855952385.0000,1855952385.0000,1855952385.0000,1855952385.0000,1855952385.0000,1855952385.0000,1855952385.0000,1855952385.0000
1970.0020,1855952385.0000,1855952385.0000,1855952385.0000,1855952385.0000,1855952385.0000,1855952385.0000,1855952385.0000,1855952385.0000
1980.0020,478996666.0000,478996666.0000,478996666.0000,478996666.0000,478996666.0000,478996666.0000,478996666.0000,478996666.0000
1990.0020,127624775.0000,127624775.0000,127624775.0000,127624775.0000,127624775.0000,127624775.0000,127624775.0000,127624775.0000
2000.0020,127624775.0000,127624775.0000,127624775.0000,127624775.0000,127624775.0000,127624775.0000,127624775.0000,127624775.0000
2010.0020,898152703.0000,898152703.0000,898152703.0000,898152703.0000,898152703.0000,898152703.0000,898152703.0000,898152703.0000
2020.0020,546780812.0000,546780812.0000,546780812.0000,546780812.0000,546780812.0000,546780812.0000,546780812.0000,546780812.0000
2030.0020,546780812.0000,546780812.0000,546780812.0000,546780812.0000,546780812.0000,546780812.0000,546780812.0000,546780812.0000
2040.0020,1317308740.0000,1317308740.0000,1317308740.0000,1317308740.0000,1317308740.0000,1317308740.0000,1317308740.0000,1317308740.0000
2050.0020,1317308740.0000,1317308740.0000,1317308740.0000,1317308740.0000,1317308740.0000,1317308740.0000,1317308740.0000,1317308740.0000
2060.0020,2087836668.0000,2087836668.0000,2087836668.0000,2087836668.0000,2087836668.0000,2087836668.0000,2087836668.0000,2087836668.0000
2070.0020,1736464777.0000,1736464777.0000,1736464777.0000,1736464777.0000,1736464777.0000,1736464777.0000,1736464777.0000,1736464777.0000
2080.0020,1736464777.0000,1736464777.0000,1736464777.0000,1736464777.0000,1736464777.0000,1736464777.0000,1736464777.0000,1736464777.0000
2090.0020,359509058.0000,359509058.0000,359509058.0000,359509058.0000,359509058.0000,359509058.0000,359509058.0000,359509058.0000
2100.0020,1130036986.0000,1130036986.0000,1130036986.0000,1130036986.0000,1130036986.0000,1130036986.0000,1130036986.0000,1130036986.0000
2110.0020,1130036986.0000,1130036986.0000,1130036986.0000,1130036986.0000,1130036986.0000,1130036986.0000,1130036986.0000,1130036986.0000
2120.0020,778665095.0000,778665095.0000,778665095.0000,778665095.0000,778665095.0000,778665095.0000,778665095.0000,778665095.0000
2130.0020,1549193023.0000,1549193023.0000,1549193023.0000,1549193023.0000,1549193023.0000,1549193023.0000,1549193023.0000,1549193023.0000
2140.0020,1549193023.0000,1549193023.0000,1549193023.0000,1549193023.0000,1549193023.0000,1549193023.0000,1549193023.0000,1549193023.0000
2150.0020,1197821132.0000,1197821132.0000,1197821132.0000,1197821132.0000,1197821132.0000,1197821132.0000,1197821132.0000,1197821132.0000
2160.0020,1968349060.0000,1968349060.0000,1968349060.0000,1968349060.0000,1968349060.0000,1968349060.0000,1968349060.0000,1968349060.0000
2170.0020,1968349060.0000,1968349060.0000,1968349060.0000,1968349060.0000,1968349060.0000,1968349060.0000,1968349060.0000,1968349060.0000
2180.0020,591393341.0000,591393341.0000,591393341.0000,591393341.0000,591393341.0000,591393341.0000,591393341.0000,591393341.0000
2190.0020,591393341.0000,591393341.0000,591393341.0000,591393341.0000,591393341.0000,591393341.0000,591393341.0000,591393341.0000
2200.0020,240021450.0000,240021450.0000,240021450.0000,240021450.0000,240021450.0000,240021450.0000,240021450.0000,240021450.0000
2210.0020,1010549378.0000,1010549378.0000,1010549378.0000,1010549378.0000,1010549378.0000,1010549378.0000,1010549378.0000,1010549378.0000
2220.0020,1010549378.0000,1010549378.0000,1010549378.0000,1010549378.0000,1010549378.0000,1010549378.0000,1010549378.0000,1010549378.0000
2230.0020,1781077306.0000,1781077306.0000,1781077306.0000,1781077306.0000,1781077306.0000,1781077306.0000,1781077306.0000,1781077306.0000
2240.0020,1429705415.0000,1429705415.0000,1429705415.0000,1429705415.0000,1429705415.0000,1429705415.0000,1429705415.0000,1429705415.0000
2250.0020,1429705415.0000,1429705415.0000,1429705415.0000,1429705415.0000,1429705415.0000,1429705415.0000,1429705415.0000,1429705415.0000
2260.0020,52749696.0000,52749696.0000,52749696.0000,52749696.0000,52749696.0000,52749696.0000,52749696.0000,52749696.0000
2270.0020,1848861452.0000,1848861452.0000,1848861452.0000,1848861452.0000,1848861452.0000,1848861452.0000,1848861452.0000,1848861452.0000
2280.0020,1848861452.0000,1848861452.0000,1848861452.0000,1848861452.0000,1848861452.0000,1848861452.0000,1848861452.0000,1848861452.0000
2290.0020,471905733.0000,471905733.0000,471905733.0000,471905733.0000,471905733.0000,471905733.0000,471905733.0000,471905733.0000
2300.0020,471905733.0000,471905733.0000,471905733.0000,471905733.0000,471905733.0000,471905733.0000,471905733.0000,471905733.0000
2310.0020,1242433661.0000,1242433661.0000,1242433661.0000,1242433661.0000,1242433661.0000,1242433661.0000,1242433661.0000,1242433661.0000
2320.0020,891061770.0000,891061770.0000,891061770.0000,891061770.0000,891061770.0000,891061770.0000,891061770.0000,891061770.0000
2330.0020,891061770.0000,891061770.0000,891061770.0000,891061770.0000,891061770.0000,891061770.0000,891061770.0000,891061770.0000
2340.0020,1661589698.0000,1661589698.0000,1661589698.0000,1661589698.0000,1661589698.0000,1661589698.0000,1661589698.0000,1661589698.0000
2350.0020,284633979.0000,284633979.0000,284633979.0000,284633979.0000,284633979.0000,284633979.0000,284633979.0000,284633979.0000
2360.0020,284633979.0000,284633979.0000,284633979.0000,284633979.0000,284633979.0000,284633979.0000,284633979.0000,284633979.0000
2370.0020,2080745735.0000,2080745735.0000,2080745735.0000,2080745735.0000,2080745735.0000,2080745735.0000,2080745735.0000,2080745735.0000
2380.0020,703790016.0000,703790016.0000,703790016.0000,703790016.0000,703790016.0000,703790016.0000,703790016.0000,703790016.0000
2390.0020,703790016.0000,703790016.0000,703790016.0000,703790016.0000,703790016.0000,703790016.0000,703790016.0000,703790016.0000
2400.0020,352418125.0000,352418125.0000,352418125.0000,352418125.0000,352418125.0000,352418125.0000,352418125.0000,352418125.0000
2410.0020,352418125.0000,352418125.0000,352418125.0000,352418125.0000,352418125.0000,352418125.0000,352418125.0000,352418125.0000
2420.0020,1122946053.0000,1122946053.0000,1122946053.0000,1122946053.0000,1122946053.0000,1122946053.0000,1122946053.0000,1122946053.0000
2430.0020,1893473981.0000,1893473981.0000,1893473981.0000,1893473981.0000,1893473981.0000,1893473981.0000,1893473981.0000,1893473981.0000
2440.0020,1893473981.0000,1893473981.0000,1893473981.0000,1893473981.0000,1893473981.0000,1893473981.0000,1893473981.0000,1893473981.0000
2450.0020,1542102090.0000,1542102090.0000,1542102090.0000,1542102090.0000,1542102090.0000,1542102090.0000,1542102090.0000,1542102090.0000
2460.0020,165146371.0000,165146371.0000,165146371.0000,165146371.0000,165146371.0000,165146371.0000,165146371.0000,165146371.0000
2470.0020,165146371.0000,165146371.0000,165146371.0000,165146371.0000,165146371.0000,165146371.0000,165146371.0000,165146371.0000
2480.0020,935674299.0000,935674299.0000,935674299.0000,935674299.0000,935674299.0000,935674299.0000,935674299.0000,935674299.0000
2490.0020,584302408.0000,584302408.0000,584302408.0000,584302408.0000,584302408.0000,584302408.0000,584302408.0000,584302408.0000
2500.0020,584302408.0000,584302408.0000,584302408.0000,584302408.0000,584302408.0000,584302408.0000,584302408.0000,584302408.0000
2510.0020,1354830336.0000,1354830336.0000,1354830336.0000,1354830336.0000,1354830336.0000,1354830336.0000,1354830336.0000,1354830336.0000
2520.0020,1003458445.0000,1003458445.0000,1003458445.0000,1003458445.0000,1003458445.0000,1003458445.0000,1003458445.0000,1003458445.0000
2530.0020,1003458445.0000,1003458445.0000,1003458445.0000,1003458445.0000,1003458445.0000,1003458445.0000,1003458445.0000,1003458445.0000
2540.0020,1773986373.0000,1773986373.0000,1773986373.0000,1773986373.0000,1773986373.0000,1773986373.0000,1773986373.0000,1773986373.0000
2550.0020,1773986373.0000,1773986373.0000,1773986373.0000,1773986373.0000,1773986373.0000,1773986373.0000,1773986373.0000,1773986373.0000
2560.0020,397030654.0000,397030654.0000,397030654.0000,397030654.0000,397030654.0000,397030654.0000,397030654.0000,397030654.0000
2570.0020,45658763.0000,45658763.0000,45658763.0000,45658763.0000,45658763.0000,45658763.0000,45658763.0000,45658763.0000
2580.0020,45658763.0000,45658763.0000,45658763.0000,45658763.0000,45658763.0000,45658763.0000,45658763.0000,45658763.0000
2590.0020,816186691.0000,816186691.0000,816186691.0000,816186691.0000,816186691.0000,816186691.0000,816186691.0000,816186691.0000
2600.0020,1586714619.0000,1586714619.0000,1586714619.0000,1586714619.0000,1586714619.0000,1586714619.0000,1586714619.0000,1586714619.0000
2610.0020,1586714619.0000,1586714619.0000,1586714619.0000,1586714619.0000,1586714619.0000,1586714619.0000,1586714619.0000,1586714619.0000
2620.0020,1235342728.0000,1235342728.0000,1235342728.0000,1235342728.0000,1235342728.0000,1235342728.0000,1235342728.0000,1235342728.0000
2630.0020,2005870656.0000,2005870656.0000,2005870656.0000,2005870656.0000,2005870656.0000,2005870656.0000,2005870656.0000,2005870656.0000
2640.0020,2005870656.0000,2005870656.0000,2005870656.0000,2005870656.0000,2005870656.0000,2005870656.0000,2005870656.0000,2005870656.0000
2650.0020,1654498765.0000,1654498765.0000,1654498765.0000,1654498765.0000,1654498765.0000,1654498765.0000,1654498765.0000,1654498765.0000
2660.0020,1654498765.0000,1654498765.0000,1654498765.0000,1654498765.0000,1654498765.0000,1654498765.0000,1654498765.0000,1654498765.0000
2670.0020,277543046.0000,277543046.0000,277543046.0000,277543046.0000,277543046.0000,277543046.0000,277543046.0000,277543046.0000
2680.0020,1048070974.0000,1048070974.0000,1048070974.0000,1048070974.0000,1048070974.0000,1048070974.0000,1048070974.0000,1048070974.0000
2690.0020,1048070974.0000,1048070974.0000,1048070974.0000,1048070974.0000,1048070974.0000,1048070974.0000,1048070974.0000,1048070974.0000
2700.0020,696699083.0000,696699083.0000,696699083.0000,696699083.0000,696699083.0000,696699083.0000,696699083.0000,696699083.0000
2710.0020,1467227011.0000,1467227011.0000,1467227011.0000,1467227011.0000,1467227011.0000,1467227011.0000,1467227011.0000,1467227011.0000
2720.0020,1467227011.0000,1467227011.0000,1467227011.0000,1467227011.0000,1467227011.0000,1467227011.0000,1467227011.0000,1467227011.0000
2730.0020,90271292.0000,90271292.0000,90271292.0000,90271292.0000,90271292.0000,90271292.0000,90271292.0000,90271292.0000
2740.0020,1886383048.0000,1886383048.0000,1886383048.0000,1886383048.0000,1886383048.0000,1886383048.0000,1886383048.0000,1886383048.0000
2750.0020,1886383048.0000,1886383048.0000,1886383048.0000,1886383048.0000,1886383048.0000,1886383048.0000,1886383048.0000,1886383048.0000
2760.0020,509427329.0000,509427329.0000,509427329.0000,509427329.0000,509427329.0000,509427329.0000,509427329.0000,509427329.0000
2770.0020,158055438.0000,158055438.0000,158055438.0000,158055438.0000,158055438.0000,158055438.0000,158055438.0000,158055438.0000
2780.0020,158055438.0000,158055438.0000,158055438.0000,158055438.0000,158055438.0000,158055438.0000,158055438.0000,158055438.0000
2790.0020,928583366.0000,928583366.0000,928583366.0000,928583366.0000,928583366.0000,928583366.0000,928583366.0000,928583366.0000
2800.0020,928583366.0000,928583366.0000,928583366.0000,928583366.0000,928583366.0000,928583366.0000,928583366.0000,928583366.0000
2810.0020,1699111294.0000,1699111294.0000,1699111294.0000,1699111294.0000,1699111294.0000,1699111294.0000,1699111294.0000,1699111294.0000
2820.0020,1347739403.0000,1347739403.0000,1347739403.0000,1347739403.0000,1347739403.0000,1347739403.0000,1347739403.0000,1347739403.0000
2830.0020,1347739403.0000,1347739403.0000,1347739403.0000,1347739403.0000,1347739403.0000,1347739403.0000,1347739403.0000,1347739403.0000
2840.0020,2118267331.0000,2118267331.0000,2118267331.0000,2118267331.0000,2118267331.0000,2118267331.0000,2118267331.0000,2118267331.0000
2850.0020,741311612.0000,741311612.0000,741311612.0000,741311612.0000,741311612.0000,741311612.0000,741311612.0000,741311612.0000
2860.0020,741311612.0000,741311612.0000,741311612.0000,741311612.0000,741311612.0000,741311612.0000,741311612.0000,741311612.0000
2870.0020,389939721.0000,389939721.0000,389939721.0000,389939721.0000,389939721.0000,389939721.0000,389939721.0000,389939721.0000
2880.0020,1160467649.0000,1160467649.0000,1160467649.0000,1160467649.0000,1160467649.0000,1160467649.0000,1160467649.0000,1160467649.0000
2890.0020,1160467649.0000,1160467649.0000,1160467649.0000,1160467649.0000,1160467649.0000,1160467649.0000,1160467649.0000,1160467649.0000
2900.0020,809095758.0000,809095758.0000,809095758.0000,809095758.0000,809095758.0000,809095758.0000,809095758.0000,809095758.0000
2910.0020,809095758.0000,809095758.0000,809095758.0000,809095758.0000,809095758.0000,809095758.0000,809095758.0000,809095758.0000
2920.0020,1579623686.0000,1579623686.0000,1579623686.0000,1579623686.0000,1579623686.0000,1579623686.0000,1579623686.0000,1579623686.0000
2930.0020,202667967.0000,202667967.0000,202667967.0000,202667967.0000,202667967.0000,202667967.0000,202667967.0000,202667967.0000
2940.0020,202667967.0000,202667967.0000,202667967.0000,202667967.0000,202667967.0000,202667967.0000,202667967.0000,202667967.0000
2950.0020,1998779723.0000,1998779723.0000,1998779723.0000,1998779723.0000,1998779723.0000,1998779723.0000,1998779723.0000,1998779723.0000
2960.0020,621824004.0000,621824004.0000,621824004.0000,621824004.0000,621824004.0000,621824004.0000,621824004.0000,621824004.0000
2970.0020,621824004.0000,621824004.0000,621824004.0000,621824004.0000,621824004.0000,621824004.0000,621824004.0000,621824004.0000
2980.0020,1392351932.0000,1392351932.0000,1392351932.0000,1392351932.0000,1392351932.0000,1392351932.0000,1392351932.0000,1392351932.0000
2990.0020,1040980041.0000,1040980041.0000,1040980041.0000,1040980041.0000,1040980041.0000,1040980041.0000,1040980041.0000,1040980041.0000
3000.0020,1040980041.0000,1040980041.0000,1040980041.0000,1040980041.0000,1040980041.0000,1040980041.0000,1040980041.0000,1040980041.0000
